{"cameraMode":{"drawMode":0,"name":"Shaded","section":"Shading Mode"},"sceneLighting":true,"audioPlay":false,"sceneViewState":{"m_AlwaysRefresh":false,"showFog":true,"showSkybox":true,"showFlares":true,"showImageEffects":true,"showParticleSystems":true,"showVisualEffectGraphs":true,"m_FxEnabled":true},"in2DMode":false,"pivot":{"x":-0.15024225413799287,"y":-4.07018518447876,"z":3.6013870239257814},"rotation":{"x":0.5448706746101379,"y":-0.014809390529990197,"z":0.009672604501247406,"w":0.8383818864822388},"size":5.74262809753418,"orthographic":false}